{
    "XGBoost": {
        "rmse": 146.634430643011,
        "r2": 0.9500078558921814
    }
}