{
    "PyNN": {
        "rmse": 196.46963227493964,
        "r2": 0.9102528095245361
    }
}