{
    "PyNN": {
        "rmse": 173.39772629528625,
        "r2": 0.9300936460494995
    }
}